INSERT INTO COMMANDE
values (1, 'user1@gmail.com', 1, 78.07);
INSERT INTO COMMANDE
values (2, 'user2@gmail.com', 2, 39.94);
INSERT INTO COMMANDE
values (3, 'user2@gmail.com', 3, 52.06);
INSERT INTO COMMANDE
values (4, 'user2@gmail.com', 3, 22.68);



INSERT INTO BILLET
values ('02ce0536-2091-4a97-bb8a-034bf1a0e92c', 3, 'user2@gmail.com', '2023-10-27', '20:00:00', 'Prix plein');
INSERT INTO BILLET
values ('5a9c37f8-b2e7-4d4d-8a8a-2269864b0b77', 4, 'user2@gmail.com', '2023-10-28', '21:00:00', 'Prix réduit');


-- Génération de données pour la table LIEU
INSERT INTO LIEU (Nom, Adresse, NbPlace, NbPlaceAssis, NmbPlaceDebout, image)
VALUES ('Salle de concert', '22 rue concert', 1000, 800, 200,
        'https://phototrend.fr/wp-content/uploads/2016/04/lieu-ideal-photo_2-940x627.jpg'),
       ('Salle des fetes', '3 rue fete', 1500, 1200, 300,
        'https://www.lamarieeauxpiedsnus.com/wp-content/uploads/mariage-chateaumogere-montpellier-pinewoodweddings-atelierblanc-lamarieeauxpiedsnus-94-810x540.jpg'),
       ('Théâtre', '7 rue theatre', 800, 600, 200,
        'https://upload.wikimedia.org/wikipedia/commons/0/0d/Lieu-dit-Ronjou_%28Savoie%29.jpg'),
       ('Salle de spectacle', '101 rue spectacle', 1200, 1000, 200,
        'https://www.levoyageanantes.fr/wp-content/uploads/2015/09/Le-lieu-unique-la-terrasse-%C2%A9-Patrick-Ge%CC%81rard-_-LVAN.jpg');

INSERT INTO STYLE
VALUES (1, 'rock'),
       (2, 'jazz'),
       (3, 'classique'),
       (4, 'pop'),
       (5, 'rap');


INSERT INTO `SPECTACLE` (`id`, `titre`, `description`, `idStyle`, `urlVideo`, `image`)
VALUES (1, 'concert 1',
        'Lorem ipsum dolor sit amet, consectetur adipiscing elit. Sed do eiusmod tempor incididunt ut labore et dolore magna aliqua. Ut enim ad minim veniam, quis nostrud exercitation ullamco laboris nisi ut aliquip ex ea commodo consequat. Duis aute irure dolor in reprehenderit in voluptate velit esse cillum dolore eu fugiat nulla pariatur. Excepteur sint occaecat cupidatat non proident, sunt in culpa qui officia deserunt mollit anim id est laborum.',
        1, NULL, 'https://as1.ftcdn.net/v2/jpg/00/73/84/66/1000_F_73846616_Tcow6spei1lxXf9Sy8bws1KbuQZLXwcr.jpg'),
       (2, 'spectacle 2',
        'Lorem ipsum dolor sit amet, consectetur adipiscing elit. Sed do eiusmod tempor incididunt ut labore et dolore magna aliqua. Ut enim ad minim veniam, quis nostrud exercitation ullamco laboris nisi ut aliquip ex ea commodo consequat. Duis aute irure dolor in reprehenderit in voluptate velit esse cillum dolore eu fugiat nulla pariatur. Excepteur sint occaecat cupidatat non proident',
        2, NULL, 'https://as1.ftcdn.net/v2/jpg/00/75/26/50/1000_F_75265001_upKhQAwfmn4s8b1IJd2oDokPHD1kmJ5W.jpg'),
       (3, 'show 3',
        'Lorem ipsum dolor sit amet, consectetur adipiscing elit. Sed do eiusmod tempor incididunt ut labore et dolore magna aliqua. Ut enim ad minim veniam, quis nostrud exercitation ullamco laboris nisi ut aliquip ex ea commodo consequat. Duis aute irure dolor in reprehenderit in voluptate velit esse cillum dolore eu fugiat nulla pariatur. Excepteur sint occaecat cupidatat non proident, sunt in culpa qui officia deserunt mollit anim id est laborum.',
        3, NULL, 'https://c8.alamy.com/compfr/ct3dck/un-spectacle-de-cirque-avec-des-poids-ct3dck.jpg'),
       (4, 'concert 4',
        'Lorem ipsum dolor sit amet, consectetur adipiscing elit. Sed do eiusmod tempor incididunt ut labore et dolore magna aliqua. Ut enim ad minim veniam, quis nostrud exercitation ullamco laboris nisi ut aliquip ex ea commodo consequat. Duis aute irure dolor in reprehenderit in voluptate velit esse cillum dolore eu fugiat nulla pariatur. Excepteur sint occaecat cupidatat non proident, sunt in culpa qui officia deserunt mollit anim id est laborum.',
        4, NULL,
        'https://img.freepik.com/vecteurs-premium/modele-attraction-cirque-banniere-stock-enseigne-au-neon-cinema-retro-brillamment-lumineux-modele-banniere-spectacle-soiree-style-cirque-image-affiche-fond_44769-1735.jpg?w=2000'),
       (5, 'spectacle 5',
        'Lorem ipsum dolor sit amet, consectetur adipiscing elit. Sed do eiusmod tempor incididunt ut labore et dolore magna aliqua. Ut enim ad minim veniam, quis nostrud exercitation ullamco laboris nisi ut aliquip ex ea commodo consequat. Duis aute irure dolor in reprehenderit in voluptate velit esse cillum dolore eu fugiat nulla pariatur. Excepteur sint occaecat cupidatat non proident, sunt in culpa qui officia deserunt mollit anim id est laborum.',
        5, NULL, 'https://as1.ftcdn.net/v2/jpg/00/73/84/66/1000_F_73846616_Tcow6spei1lxXf9Sy8bws1KbuQZLXwcr.jpg'),
       (6, 'show 6',
        'Lorem ipsum dolor sit amet, consectetur adipiscing elit. Sed do eiusmod tempor incididunt ut labore et dolore magna aliqua. Ut enim ad minim veniam, quis nostrud exercitation ullamco laboris nisi ut aliquip ex ea commodo consequat. Duis aute irure dolor in reprehenderit in voluptate velit esse cillum dolore eu fugiat nulla pariatur. Excepteur sint occaecat cupidatat non proident, sunt in culpa qui officia deserunt mollit anim id est laborum.',
        1, NULL, 'https://as1.ftcdn.net/v2/jpg/00/75/26/50/1000_F_75265001_upKhQAwfmn4s8b1IJd2oDokPHD1kmJ5W.jpg'),
       (7, 'concert 7',
        'Lorem ipsum dolor sit amet, consectetur adipiscing elit. Sed do eiusmod tempor incididunt ut labore et dolore magna aliqua. Ut enim ad minim veniam, quis nostrud exercitation ullamco laboris nisi ut aliquip ex ea commodo consequat. Duis aute irure dolor in reprehenderit in voluptate velit esse cillum dolore eu fugiat nulla pariatur. Excepteur sint occaecat cupidatat non proident, sunt in culpa qui officia deserunt mollit anim id est laborum.',
        2, NULL, 'https://c8.alamy.com/compfr/ct3dck/un-spectacle-de-cirque-avec-des-poids-ct3dck.jpg'),
       (8, 'spectacle 8',
        'Lorem ipsum dolor sit amet, consectetur adipiscing elit. Sed do eiusmod tempor incididunt ut labore et dolore magna aliqua. Ut enim ad minim veniam, quis nostrud exercitation ullamco laboris nisi ut aliquip ex ea commodo consequat. Duis aute irure dolor in reprehenderit in voluptate velit esse cillum dolor',
        3, NULL,
        'https://img.freepik.com/vecteurs-premium/modele-attraction-cirque-banniere-stock-enseigne-au-neon-cinema-retro-brillamment-lumineux-modele-banniere-spectacle-soiree-style-cirque-image-affiche-fond_44769-1735.jpg?w=2000'),
       (9, 'show 9',
        'Lorem ipsum dolor sit amet, consectetur adipiscing elit. Sed do eiusmod tempor incididunt ut labore et dolore magna aliqua. Ut enim ad minim veniam, quis nostrud exercitation ullamco laboris nisi ut aliquip ex ea commodo consequat.',
        4, NULL, 'https://as1.ftcdn.net/v2/jpg/00/73/84/66/1000_F_73846616_Tcow6spei1lxXf9Sy8bws1KbuQZLXwcr.jpg'),
       (10, 'concert 10',
        'Lorem ipsum dolor sit amet, consectetur adipiscing elit. Sed do eiusmod tempor incididunt ut labore et dolore magna aliqua. Ut enim ad minim veniam, quis nostrud exercitation ullamco laboris nisi ut aliquip ex ea commodo consequat. Duis aute irure dolor in reprehenderit in voluptate velit esse cillum dolore eu f',
        5, NULL, 'https://as1.ftcdn.net/v2/jpg/00/75/26/50/1000_F_75265001_upKhQAwfmn4s8b1IJd2oDokPHD1kmJ5W.jpg'),
       (11, 'spectacle 11',
        'Lorem ipsum dolor sit amet, consectetur adipiscing elit. Sed do eiusmod tempor incididunt ut labore et dolore magna aliqua. Ut enim ad minim veniam, quis nostrud exercitation ullamco laboris nisi ut aliquip ex ea commodo consequat. Duis aute irure dolor in reprehenderit in voluptate velit esse cillum dolore eu fugiat nulla pariatur. Excepteur sint occaecat cup',
        1, NULL, 'https://c8.alamy.com/compfr/ct3dck/un-spectacle-de-cirque-avec-des-poids-ct3dck.jpg'),
       (12, 'show 12',
        'Lorem ipsum dolor sit amet, consectetur adipiscing elit. Sed do eiusmod tempor incididunt ut labore et dolore magna aliqua. Ut enim ad minim veniam, quis nostrud exercitation ullamco laboris nisi ut aliquip ex ea commodo consequat. Duis aute irure dolor in reprehenderit in voluptate vel',
        2, NULL,
        'https://img.freepik.com/vecteurs-premium/modele-attraction-cirque-banniere-stock-enseigne-au-neon-cinema-retro-brillamment-lumineux-modele-banniere-spectacle-soiree-style-cirque-image-affiche-fond_44769-1735.jpg?w=2000'),
       (13, 'concert 13',
        'Lorem ipsum dolor sit amet, consectetur adipiscing elit. Sed do eiusmod tempor incididunt ut labore et dolore magna aliqua. Ut enim ad minim veniam, quis nostrud exercitation ullamco laboris nisi ut ali',
        3, NULL, 'https://as1.ftcdn.net/v2/jpg/00/73/84/66/1000_F_73846616_Tcow6spei1lxXf9Sy8bws1KbuQZLXwcr.jpg'),
       (14, 'spectacle 14',
        'Lorem ipsum dolor sit amet, consectetur adipiscing elit. Sed do eiusmod tempor incididunt ut labore et dolore magna aliqua. Ut enim ad minim veniam, quis nostrud exercitation ullamco laboris nisi ut aliqu',
        4, NULL, 'https://as1.ftcdn.net/v2/jpg/00/75/26/50/1000_F_75265001_upKhQAwfmn4s8b1IJd2oDokPHD1kmJ5W.jpg'),
       (15, 'show 15',
        'Lorem ipsum dolor sit amet, consectetur adipiscing elit. Sed do eiusmod tempor incididunt ut labore et dolore magna aliqua. Ut enim ad minim veniam, quis nostrud exercitation ullamco laboris nisi ut aliquip ex ea commodo consequat. Duis aute irure dolor in reprehenderit in voluptate velit esse cillum dolore eu fugiat nulla pariatur. Excepteur sint occaecat cupidatat non proident, sunt in culpa qui officia deserunt mollit anim id est laborum.',
        5, NULL, 'https://c8.alamy.com/compfr/ct3dck/un-spectacle-de-cirque-avec-des-poids-ct3dck.jpg'),
       (16, 'concert 16',
        'Lorem ipsum dolor sit amet, consectetur adipiscing elit. Sed do eiusmod tempor incididunt ut labore et dolore magna aliqua. Ut enim ad minim veniam, quis nostrud exercitation ullamco laboris nisi ut aliquip ex ea commodo consequat. Duis au',
        1, NULL,
        'https://img.freepik.com/vecteurs-premium/modele-attraction-cirque-banniere-stock-enseigne-au-neon-cinema-retro-brillamment-lumineux-modele-banniere-spectacle-soiree-style-cirque-image-affiche-fond_44769-1735.jpg?w=2000'),
       (17, 'spectacle 17',
        'Lorem ipsum dolor sit amet, consectetur adipiscing elit. Sed do eiusmod tempor incididunt ut labore et dolore magna aliqua. Ut enim ad minim veniam, quis nostrud exercitation ullamco laboris nisi ut aliquip ex ea commodo consequat. Duis aute irure dolor in reprehenderit in voluptate velit esse cillum dolore eu fugiat nulla pariatur. Excepteur ',
        2, NULL, 'https://as1.ftcdn.net/v2/jpg/00/73/84/66/1000_F_73846616_Tcow6spei1lxXf9Sy8bws1KbuQZLXwcr.jpg'),
       (18, 'show 18',
        'Lorem ipsum dolor sit amet, consectetur adipiscing elit. Sed do eiusmod tempor incididunt ut labore et dolore magna aliqua. Ut enim ad minim veniam, quis nostrud exercitation ullamco laboris nisi ut aliquip ex ea commodo consequat. Duis aute irure dolor in reprehenderit in voluptate velit esse cillum dolore eu fugiat nulla pariatur. Excepteur sint occaecat cupidatat non proident, sunt in culpa qui officia deserunt mollit anim id est laborum.',
        3, NULL, 'https://as1.ftcdn.net/v2/jpg/00/75/26/50/1000_F_75265001_upKhQAwfmn4s8b1IJd2oDokPHD1kmJ5W.jpg'),
       (19, 'concert 19',
        'Lorem ipsum dolor sit amet, consectetur adipiscing elit. Sed do eiusmod tempor incididunt ut labore et dolore magna aliqua. Ut enim ad minim veniam, quis nostrud exercitation ullamco laboris nisi ut aliquip ex ea commodo consequat. Duis aute irure dolor in reprehenderit in voluptate velit esse cillum dolore eu fugiat nulla pariatur. Excepteur sint occaecat cupidatat non proident, sunt',
        4, NULL, 'https://c8.alamy.com/compfr/ct3dck/un-spectacle-de-cirque-avec-des-poids-ct3dck.jpg'),
       (20, 'spectacle 20',
        'Lorem ipsum dolor sit amet, consectetur adipiscing elit. Sed do eiusmod tempor incididunt ut labore et dolore magna aliqua. Ut enim ad minim veniam, quis nostrud exercitation ullamco laboris nisi ut aliquip ex ea commodo consequat. Duis aute irure dolor in reprehenderit in voluptate velit esse cillum dolore eu fugiat nulla pariatur. Excepteur sint occaecat cupidatat non proident, sunt in culpa qui officia deserunt mollit anim id est laborum.',
        5, NULL,
        'https://img.freepik.com/vecteurs-premium/modele-attraction-cirque-banniere-stock-enseigne-au-neon-cinema-retro-brillamment-lumineux-modele-banniere-spectacle-soiree-style-cirque-image-affiche-fond_44769-1735.jpg?w=2000'),
       (21, 'show 21',
        'Lorem ipsum dolor sit amet, consectetur adipiscing elit. Sed do eiusmod tempor incididunt ut labore et dolore magna aliqua. Ut enim ad minim veniam, quis nostrud exercitation ullamco laboris nisi ut aliquip ex ea commodo consequat. Duis aute irure dolor in reprehenderit in voluptate velit esse cillum dolore eu fugiat nulla pariatur. Excepteur sint occaecat cupidatat non proident, sunt in culpa qui officia deserunt mollit anim id est laborum.',
        1, NULL, 'https://as1.ftcdn.net/v2/jpg/00/73/84/66/1000_F_73846616_Tcow6spei1lxXf9Sy8bws1KbuQZLXwcr.jpg'),
       (22, 'concert 22',
        'Lorem ipsum dolor sit amet, consectetur adipiscing elit. Sed do eiusmod tempor incididunt ut labore et dolore magna aliqua. Ut enim ad minim veniam, quis nostrud exercitation ullamco laboris nisi ut aliquip ex ea commodo consequat. Duis aute irure dolor in reprehenderit in voluptate velit esse cillum dolore eu fugiat nulla pariatur. Excepteur sint occaecat cupidatat n',
        2, NULL, 'https://as1.ftcdn.net/v2/jpg/00/75/26/50/1000_F_75265001_upKhQAwfmn4s8b1IJd2oDokPHD1kmJ5W.jpg'),
       (23, 'spectacle 23',
        'Lorem ipsum dolor sit amet, consectetur adipiscing elit. Sed do eiusmod tempor incididunt ut labore et dolore magna aliqua. Ut enim ad minim veniam, quis nostrud exercitation ullamco laboris nisi ut aliquip ex ea commodo consequat. Duis aute irure dolor in reprehenderit in volup',
        3, NULL, 'https://c8.alamy.com/compfr/ct3dck/un-spectacle-de-cirque-avec-des-poids-ct3dck.jpg'),
       (24, 'show 24',
        'Lorem ipsum dolor sit amet, consectetur adipiscing elit. Sed do eiusmod tempor incididunt ut labore et dolore magna aliqua. Ut enim ad minim veniam, quis nostrud exercitation ullamco laboris nisi ut aliquip ex ea commodo consequat. Duis aute irure dolor in reprehenderit in voluptate velit esse cillum dolore eu fugiat nulla pariatur. Excepteur sint occaecat cupidatat non proident,',
        4, NULL,
        'https://img.freepik.com/vecteurs-premium/modele-attraction-cirque-banniere-stock-enseigne-au-neon-cinema-retro-brillamment-lumineux-modele-banniere-spectacle-soiree-style-cirque-image-affiche-fond_44769-1735.jpg?w=2000'),
       (25, 'concert 25',
        'Lorem ipsum dolor sit amet, consectetur adipiscing elit. Sed do eiusmod tempor incididunt ut labore et dolore magna aliqua. Ut enim ad minim veniam, quis nostrud exercitation ullamco laboris nisi ut aliquip ex ea commodo consequat. Duis aute irure dolor in reprehenderit in voluptate velit esse cillum dolore eu fugiat nulla pariatur. Excepteur sint occaecat cupidatat non proident, sunt in culpa qui officia deserunt mollit anim id est laborum.',
        5, NULL, 'https://as1.ftcdn.net/v2/jpg/00/73/84/66/1000_F_73846616_Tcow6spei1lxXf9Sy8bws1KbuQZLXwcr.jpg'),
       (26, 'spectacle 26',
        'Lorem ipsum dolor sit amet, consectetur adipiscing elit. Sed do eiusmod tempor incididunt ut labore et dolore magna aliqua. Ut enim ad minim veniam, quis nostrud exercitation ullamco laboris nisi ut aliquip ex ea commodo consequat. Duis aute irure dolor in reprehenderit in voluptate velit esse cillum dolore eu fugiat nulla pariatur. Excepteur sint occaecat cup',
        1, NULL, 'https://as1.ftcdn.net/v2/jpg/00/75/26/50/1000_F_75265001_upKhQAwfmn4s8b1IJd2oDokPHD1kmJ5W.jpg'),
       (27, 'show 27',
        'Lorem ipsum dolor sit amet, consectetur adipiscing elit. Sed do eiusmod tempor incididunt ut labore et dolore magna aliqua. Ut enim ad minim veniam, quis nostrud exercitation ullamco laboris nisi ut aliquip ex ea commodo consequat. Duis aute irure dolor in reprehenderit in voluptate velit esse cillum dolore eu fugiat nulla pariatur. Excepteur sint occaecat cupidatat non proident, sunt in culpa qui officia deserunt mollit anim id est laborum.',
        2, NULL, 'https://c8.alamy.com/compfr/ct3dck/un-spectacle-de-cirque-avec-des-poids-ct3dck.jpg'),
       (28, 'concert 28',
        'Lorem ipsum dolor sit amet, consectetur adipiscing elit. Sed do eiusmod tempor incididunt ut labore et dolore magna aliqua. Ut enim ad minim veniam, quis nostrud exercitation ullamco laboris nisi ut aliquip ex ea commodo consequat. Duis aute irure dolor in reprehenderit in voluptate velit esse cillum dolore eu fugiat nulla pariatur. Excepteur sint occaecat cupidatat non proident, sunt in culpa qui officia deserunt mollit ',
        3, NULL,
        'https://img.freepik.com/vecteurs-premium/modele-attraction-cirque-banniere-stock-enseigne-au-neon-cinema-retro-brillamment-lumineux-modele-banniere-spectacle-soiree-style-cirque-image-affiche-fond_44769-1735.jpg?w=2000'),
       (29, 'spectacle 29',
        'Lorem ipsum dolor sit amet, consectetur adipiscing elit. Sed do eiusmod tempor incididunt ut labore et dolore magna aliqua. Ut enim ad minim veniam, quis nostrud exercitation ullamco laboris nisi ut aliquip ex ea commodo consequat. Duis aute irure dolor in reprehenderit in voluptate ve',
        4, NULL, 'https://as1.ftcdn.net/v2/jpg/00/73/84/66/1000_F_73846616_Tcow6spei1lxXf9Sy8bws1KbuQZLXwcr.jpg'),
       (30, 'show 30',
        'Lorem ipsum dolor sit amet, consectetur adipiscing elit. Sed do eiusmod tempor incididunt ut labore et dolore magna aliqua. Ut enim ad minim veniam, quis nostrud exercitation ullamco laboris nisi ut aliquip ex ea commodo consequat. Duis aute irure dolor in ',
        5, NULL, 'https://as1.ftcdn.net/v2/jpg/00/75/26/50/1000_F_75265001_upKhQAwfmn4s8b1IJd2oDokPHD1kmJ5W.jpg'),
       (31, 'concert 31',
        'Lorem ipsum dolor sit amet, consectetur adipiscing elit. Sed do eiusmod tempor incididunt ut labore et dolore magna aliqua. Ut enim ad minim veniam, quis nostrud exercitation ullamco laboris nisi ut aliquip ex ea commodo consequat. Duis aute irure dolor in reprehenderit in voluptate velit esse cillum dolore eu fugiat nulla pariatur. Excepteur',
        1, NULL, 'https://c8.alamy.com/compfr/ct3dck/un-spectacle-de-cirque-avec-des-poids-ct3dck.jpg'),
       (32, 'spectacle 32',
        'Lorem ipsum dolor sit amet, consectetur adipiscing elit. Sed do eiusmod tempor incididunt ut labore et dolore magna aliqua. Ut enim ad minim veniam, quis nostrud exercitation ullamco laboris nisi ut aliq',
        2, NULL,
        'https://img.freepik.com/vecteurs-premium/modele-attraction-cirque-banniere-stock-enseigne-au-neon-cinema-retro-brillamment-lumineux-modele-banniere-spectacle-soiree-style-cirque-image-affiche-fond_44769-1735.jpg?w=2000'),
       (33, 'show 33',
        'Lorem ipsum dolor sit amet, consectetur adipiscing elit. Sed do eiusmod tempor incididunt ut labore et dolore magna aliqua. Ut enim ad minim veniam, quis nostrud exercitation ullamco laboris nisi ut aliquip ex ea commodo consequat. Duis aute irure dolor in reprehenderit in voluptate velit esse cillum dolore eu fugiat nulla pariatur. Exce',
        3, NULL, 'https://as1.ftcdn.net/v2/jpg/00/73/84/66/1000_F_73846616_Tcow6spei1lxXf9Sy8bws1KbuQZLXwcr.jpg'),
       (34, 'concert 34',
        'Lorem ipsum dolor sit amet, consectetur adipiscing elit. Sed do eiusmod tempor incididunt ut labore et dolore magna aliqua. Ut enim ad minim veniam, quis nostrud exercitation ullamco laboris nisi ut aliquip ex ea commodo consequat. Duis aute irure dolor in reprehenderit in voluptate velit esse cillum dolore eu fugiat nulla pariatur. Excepteur sint occaecat cupidatat non proident, sunt in culpa qui officia deserunt mollit anim id est laborum.',
        4, NULL, 'https://as1.ftcdn.net/v2/jpg/00/75/26/50/1000_F_75265001_upKhQAwfmn4s8b1IJd2oDokPHD1kmJ5W.jpg'),
       (35, 'spectacle 35',
        'Lorem ipsum dolor sit amet, consectetur adipiscing elit. Sed do eiusmod tempor incididunt ut labore et dolore magna aliqua. Ut enim ad minim veniam, quis nostrud exercitation ullamco laboris nisi ut aliquip ex ea commodo consequat. Duis aute irure dolor in reprehenderit in voluptate velit esse cillum dolore eu fugiat nulla pariatur. Excepteur sint occaecat cupidatat non proident, sunt in culpa qui officia deserunt mollit anim id est laborum.',
        5, NULL, 'https://c8.alamy.com/compfr/ct3dck/un-spectacle-de-cirque-avec-des-poids-ct3dck.jpg'),
       (36, 'show 36',
        'Lorem ipsum dolor sit amet, consectetur adipiscing elit. Sed do eiusmod tempor incididunt ut labore et dolore magna aliqua. Ut enim ad minim veniam, quis nostrud exercitation ullamco laboris nisi ut aliquip ',
        1, NULL,
        'https://img.freepik.com/vecteurs-premium/modele-attraction-cirque-banniere-stock-enseigne-au-neon-cinema-retro-brillamment-lumineux-modele-banniere-spectacle-soiree-style-cirque-image-affiche-fond_44769-1735.jpg?w=2000'),
       (37, 'concert 37',
        'Lorem ipsum dolor sit amet, consectetur adipiscing elit. Sed do eiusmod tempor incididunt ut labore et dolore magna aliqua. Ut enim ad minim veniam, quis nostrud exercitation ullamco laboris nisi ut aliquip ex ea commodo consequat. Duis aute irure dolor in reprehenderit in voluptate velit esse cillum dolore eu fugiat nulla pariatur. Excepteur sint occaecat cupidatat non proident, sunt in culpa qui offi',
        2, NULL, 'https://as1.ftcdn.net/v2/jpg/00/73/84/66/1000_F_73846616_Tcow6spei1lxXf9Sy8bws1KbuQZLXwcr.jpg'),
       (38, 'spectacle 38',
        'Lorem ipsum dolor sit amet, consectetur adipiscing elit. Sed do eiusmod tempor incididunt ut labore et dolore magna aliqua. Ut enim ad minim veniam, quis nostrud exercitation ullamco laboris nisi ut aliquip ex ea commodo consequat. Duis aute irure dolor in reprehenderit in voluptate velit esse cillum dolore eu fugiat nulla pariatur. Excepteur sint occaecat cupidatat non proident, sunt in culpa qui officia deserunt mollit anim id est ',
        3, NULL, 'https://as1.ftcdn.net/v2/jpg/00/75/26/50/1000_F_75265001_upKhQAwfmn4s8b1IJd2oDokPHD1kmJ5W.jpg'),
       (39, 'show 39',
        'Lorem ipsum dolor sit amet, consectetur adipiscing elit. Sed do eiusmod tempor incididunt ut labore et dolore magna aliqua. Ut enim ad minim veniam, quis nostrud exercitation ullamco laboris nisi ut aliquip ex ea commodo consequat. Duis aute irure dolor in reprehenderit in voluptate velit esse cillum dolore eu fugiat nulla',
        4, NULL, 'https://c8.alamy.com/compfr/ct3dck/un-spectacle-de-cirque-avec-des-poids-ct3dck.jpg'),
       (40, 'concert 40',
        'Lorem ipsum dolor sit amet, consectetur adipiscing elit. Sed do eiusmod tempor incididunt ut labore et dolore magna aliqua. Ut enim ad minim veniam, quis nostrud exercitation ullamco laboris nisi ut aliquip ex ea commodo consequat. Duis aute irure dolor in reprehenderit in voluptate velit esse cillum dolore eu fugiat nulla pariatur. Excepteur sint occaecat cupidatat non proident, sunt in culpa qui officia deserunt mollit anim id ',
        5, NULL,
        'https://img.freepik.com/vecteurs-premium/modele-attraction-cirque-banniere-stock-enseigne-au-neon-cinema-retro-brillamment-lumineux-modele-banniere-spectacle-soiree-style-cirque-image-affiche-fond_44769-1735.jpg?w=2000'),
       (41, 'spectacle 41',
        'Lorem ipsum dolor sit amet, consectetur adipiscing elit. Sed do eiusmod tempor incididunt ut labore et dolore magna aliqua. Ut enim ad minim veniam, quis nostrud exercitation ullamco laboris nisi ut aliquip ex ea commodo consequat. Duis aute irure dolor in reprehenderit in voluptate velit esse cillum dolore eu fugiat nulla pariatur. Excepteur sint occaecat cupidatat non proiden',
        1, NULL, 'https://as1.ftcdn.net/v2/jpg/00/73/84/66/1000_F_73846616_Tcow6spei1lxXf9Sy8bws1KbuQZLXwcr.jpg'),
       (42, 'show 42',
        'Lorem ipsum dolor sit amet, consectetur adipiscing elit. Sed do eiusmod tempor incididunt ut labore et dolore magna aliqua. Ut enim ad minim veniam, quis nostrud exercitation ullamco laboris nisi ut aliquip ex ea commodo consequat. Duis aute irure dolor in reprehenderit ',
        2, NULL, 'https://as1.ftcdn.net/v2/jpg/00/75/26/50/1000_F_75265001_upKhQAwfmn4s8b1IJd2oDokPHD1kmJ5W.jpg'),
       (43, 'concert 43',
        'Lorem ipsum dolor sit amet, consectetur adipiscing elit. Sed do eiusmod tempor incididunt ut labore et dolore magna aliqua. Ut enim ad minim veniam, quis nostrud exercitation ullamco laboris nisi ut aliquip ex ea commodo consequat. Duis',
        3, NULL, 'https://c8.alamy.com/compfr/ct3dck/un-spectacle-de-cirque-avec-des-poids-ct3dck.jpg'),
       (44, 'spectacle 44',
        'Lorem ipsum dolor sit amet, consectetur adipiscing elit. Sed do eiusmod tempor incididunt ut labore et dolore magna aliqua. Ut enim ad minim veniam, quis nostrud exercitation ullamco laboris nisi ut aliquip ex ea commodo consequat. Duis aute irure dolor in reprehenderit in voluptate velit esse cillum dolore eu fugiat nulla pariatur. Excepteur sint occaecat cupidatat non proident, sunt in culpa qui officia deserunt mollit anim id e',
        4, NULL,
        'https://img.freepik.com/vecteurs-premium/modele-attraction-cirque-banniere-stock-enseigne-au-neon-cinema-retro-brillamment-lumineux-modele-banniere-spectacle-soiree-style-cirque-image-affiche-fond_44769-1735.jpg?w=2000'),
       (45, 'show 45',
        'Lorem ipsum dolor sit amet, consectetur adipiscing elit. Sed do eiusmod tempor incididunt ut labore et dolore magna aliqua. Ut enim ad minim veniam, quis nostrud exercitation ullamco laboris nisi ut aliquip ex ea commodo consequat. Duis aute irure dolor in reprehenderit in voluptate velit esse cillum dolore eu fugiat nulla pariatur. Excepteur sint occaecat cupidatat non proident, sunt in culpa qui ',
        5, NULL, 'https://as1.ftcdn.net/v2/jpg/00/73/84/66/1000_F_73846616_Tcow6spei1lxXf9Sy8bws1KbuQZLXwcr.jpg'),
       (46, 'concert 46',
        'Lorem ipsum dolor sit amet, consectetur adipiscing elit. Sed do eiusmod tempor incididunt ut labore et dolore magna aliqua. Ut enim ad minim veniam, quis nostrud exercitation ullamco laboris nisi ut aliquip ex ea commodo consequat. Duis aute irure dolor in reprehenderit in voluptate velit esse cillum dolore eu fugiat nulla pariatur. Excepteur sint occaecat cupidatat non proident, sunt in culpa ',
        1, NULL, 'https://as1.ftcdn.net/v2/jpg/00/75/26/50/1000_F_75265001_upKhQAwfmn4s8b1IJd2oDokPHD1kmJ5W.jpg'),
       (47, 'spectacle 47',
        'Lorem ipsum dolor sit amet, consectetur adipiscing elit. Sed do eiusmod tempor incididunt ut labore et dolore magna aliqua. Ut enim ad minim veniam, quis nostrud exercitation ullamco laboris nisi ut aliq',
        2, NULL, 'https://c8.alamy.com/compfr/ct3dck/un-spectacle-de-cirque-avec-des-poids-ct3dck.jpg'),
       (48, 'show 48',
        'Lorem ipsum dolor sit amet, consectetur adipiscing elit. Sed do eiusmod tempor incididunt ut labore et dolore magna aliqua. Ut enim ad minim veniam, quis nostrud exercitation ullamco laboris nisi ut aliquip ex ea commodo consequat. Duis aute irure dolor in reprehenderit in voluptat',
        3, NULL,
        'https://img.freepik.com/vecteurs-premium/modele-attraction-cirque-banniere-stock-enseigne-au-neon-cinema-retro-brillamment-lumineux-modele-banniere-spectacle-soiree-style-cirque-image-affiche-fond_44769-1735.jpg?w=2000'),
       (49, 'concert 49',
        'Lorem ipsum dolor sit amet, consectetur adipiscing elit. Sed do eiusmod tempor incididunt ut labore et dolore magna aliqua. Ut enim ad minim veniam, quis nostrud exercitation ullamco laboris nisi ut aliquip ex ea commodo consequat. Duis aute irure dolor in reprehenderit in voluptate velit esse cillum dolore eu fugiat nulla pariatur. Excepteur sint occaecat cupidatat non proident, sunt in culpa qui officia deserunt mollit anim id est laborum.',
        4, NULL, 'https://as1.ftcdn.net/v2/jpg/00/73/84/66/1000_F_73846616_Tcow6spei1lxXf9Sy8bws1KbuQZLXwcr.jpg'),
       (50, 'spectacle 50',
        'Lorem ipsum dolor sit amet, consectetur adipiscing elit. Sed do eiusmod tempor incididunt ut labore et dolore magna aliqua. Ut enim ad minim veniam, quis nostrud exercitation ullamco laboris nisi ut aliquip ex ea commodo consequat. Duis aute irure dolor in reprehenderit in voluptate velit esse cillum dolore eu fugiat nulla pariatur. Excepteur sint o',
        5, NULL, 'https://as1.ftcdn.net/v2/jpg/00/75/26/50/1000_F_75265001_upKhQAwfmn4s8b1IJd2oDokPHD1kmJ5W.jpg');



INSERT INTO `SOIREE` (`id`, `nom`, `theme`, `date`, `horaireDebut`, `tarifNormal`, `tarifReduit`, `idLieu`)
VALUES (1, 'Grande soirée 1', 'Humour', '2023-10-25', '18:00:00', 39.94, 29.94, 2),
       (2, 'Petite soirée 2', 'Depression', '2023-10-26', '19:00:00', 38.13, 28.13, 3),
       (3, 'Grande soirée 3', 'OneLife', '2023-10-27', '20:00:00', 26.83, 16.83, 4),
       (4, 'Petite soirée 4', 'Feat&Fun', '2023-10-28', '21:00:00', 32.68, 22.68, 1),
       (5, 'Grande soirée 5', 'Humour', '2023-10-29', '21:00:00', 37.71, 27.71, 2),
       (6, 'Petite soirée 6', 'Depression', '2023-10-30', '17:00:00', 31.48, 21.48, 3),
       (7, 'Grande soirée 7', 'OneLife', '2023-10-31', '18:00:00', 37.01, 27.01, 4),
       (8, 'Petite soirée 8', 'Feat&Fun', '2023-11-01', '19:00:00', 38.91, 28.91, 1),
       (9, 'Grande soirée 9', 'Humour', '2023-11-02', '20:00:00', 24.49, 14.49, 2),
       (10, 'Petite soirée 10', 'Depression', '2023-11-03', '21:00:00', 38.77, 28.77, 3),
       (11, 'Grande soirée 11', 'OneLife', '2023-11-04', '21:00:00', 33.98, 23.98, 4),
       (12, 'Petite soirée 12', 'Feat&Fun', '2023-11-05', '17:00:00', 20.99, 10.99, 1),
       (13, 'Grande soirée 13', 'Humour', '2023-11-06', '18:00:00', 31.32, 21.32, 2),
       (14, 'Petite soirée 14', 'Depression', '2023-11-07', '19:00:00', 27.24, 17.24, 3),
       (15, 'Grande soirée 15', 'OneLife', '2023-11-08', '20:00:00', 33.73, 23.73, 4),
       (16, 'Petite soirée 16', 'Feat&Fun', '2023-11-09', '21:00:00', 33.67, 23.67, 1),
       (17, 'Grande soirée 17', 'Humour', '2023-11-10', '21:30:00', 26.89, 16.89, 2),
       (18, 'Petite soirée 18', 'Depression', '2023-11-11', '17:00:00', 39.10, 29.10, 3),
       (19, 'Grande soirée 19', 'OneLife', '2023-11-12', '18:00:00', 35.98, 25.98, 4),
       (20, 'Petite soirée 20', 'Feat&Fun', '2023-11-13', '19:00:00', 31.15, 21.15, 1),
       (21, 'Grande soirée 21', 'Humour', '2023-11-14', '20:00:00', 23.36, 13.36, 2),
       (22, 'Petite soirée 22', 'Depression', '2023-11-15', '21:00:00', 20.35, 10.35, 3),
       (23, 'Grande soirée 23', 'OneLife', '2023-11-16', '21:30:00', 31.08, 21.08, 4),
       (24, 'Petite soirée 24', 'Feat&Fun', '2023-11-17', '17:00:00', 20.60, 10.60, 1),
       (25, 'Grande soirée 25', 'Humour', '2023-11-18', '18:00:00', 22.70, 12.70, 2),
       (26, 'Petite soirée 26', 'Depression', '2023-11-19', '19:00:00', 36.93, 26.93, 3),
       (27, 'Grande soirée 27', 'OneLife', '2023-11-20', '20:00:00', 29.12, 19.12, 4),
       (28, 'Petite soirée 28', 'Feat&Fun', '2023-11-21', '21:00:00', 37.92, 27.92, 1),
       (29, 'Grande soirée 29', 'Humour', '2023-11-22', '21:30:00', 39.66, 29.66, 2),
       (30, 'Petite soirée 30', 'Depression', '2023-11-23', '17:00:00', 20.97, 10.97, 3),
       (31, 'Grande soirée 31', 'OneLife', '2023-11-24', '18:00:00', 26.47, 16.47, 4),
       (32, 'Petite soirée 32', 'Feat&Fun', '2023-11-25', '19:00:00', 35.49, 25.49, 1),
       (33, 'Grande soirée 33', 'Humour', '2023-11-26', '20:00:00', 33.11, 23.11, 2),
       (34, 'Petite soirée 34', 'Depression', '2023-11-27', '21:00:00', 26.79, 16.79, 3),
       (35, 'Grande soirée 35', 'OneLife', '2023-11-28', '21:30:00', 37.12, 27.12, 4),
       (36, 'Petite soirée 36', 'Feat&Fun', '2023-11-29', '17:00:00', 38.88, 28.88, 1),
       (37, 'Grande soirée 37', 'Humour', '2023-11-30', '18:00:00', 30.06, 20.06, 2),
       (38, 'Petite soirée 38', 'Depression', '2023-12-01', '19:00:00', 30.94, 20.94, 3),
       (39, 'Grande soirée 39', 'OneLife', '2023-12-02', '20:00:00', 34.32, 24.32, 4),
       (40, 'Petite soirée 40', 'Feat&Fun', '2023-12-03', '21:00:00', 32.12, 22.12, 1),
       (41, 'Grande soirée 41', 'Humour', '2023-12-04', '21:30:00', 37.43, 27.43, 2),
       (42, 'Petite soirée 42', 'Depression', '2023-12-05', '17:00:00', 26.55, 16.55, 3),
       (43, 'Grande soirée 43', 'OneLife', '2023-12-06', '18:00:00', 38.78, 28.78, 4),
       (44, 'Petite soirée 44', 'Feat&Fun', '2023-12-07', '19:00:00', 25.92, 15.92, 1),
       (45, 'Grande soirée 45', 'Humour', '2023-12-08', '20:00:00', 39.60, 29.60, 2),
       (46, 'Petite soirée 46', 'Depression', '2023-12-09', '21:00:00', 20.76, 10.76, 3),
       (47, 'Grande soirée 47', 'OneLife', '2023-12-10', '21:30:00', 30.61, 20.61, 4),
       (48, 'Petite soirée 48', 'Feat&Fun', '2023-12-11', '17:00:00', 25.29, 15.29, 1),
       (49, 'Grande soirée 49', 'Humour', '2023-12-12', '18:00:00', 23.52, 13.52, 2),
       (50, 'Petite soirée 50', 'Depression', '2023-12-13', '19:00:00', 35.97, 25.97, 3);

INSERT INTO `ARTISTE` (`id`, `nom`, `prenom`, `pseudo`, `idSpectacle`)
VALUES (1, 'ArtisteNumero 1', 'Prenom1', NULL, 5),
       (2, 'ArtisteNumero 2', 'Prenom2', 'ArtistePrenom2', 20),
       (3, 'ArtisteNumero 3', 'Prenom3', 'ArtistePrenom3', 41),
       (4, 'ArtisteNumero 4', 'Prenom4', NULL, 32),
       (5, 'ArtisteNumero 5', 'Prenom5', NULL, 33),
       (6, 'ArtisteNumero 6', 'Prenom6', 'ArtistePrenom6', 22),
       (7, 'ArtisteNumero 7', 'Prenom7', NULL, 5),
       (8, 'ArtisteNumero 8', 'Prenom8', NULL, 16),
       (9, 'ArtisteNumero 9', 'Prenom9', 'ArtistePrenom9', 26),
       (10, 'ArtisteNumero 10', 'Prenom10', 'ArtistePrenom10', 15),
       (11, 'ArtisteNumero 11', 'Prenom11', 'ArtistePrenom11', 24),
       (12, 'ArtisteNumero 12', 'Prenom12', 'ArtistePrenom12', 8),
       (13, 'ArtisteNumero 13', 'Prenom13', NULL, 9),
       (14, 'ArtisteNumero 14', 'Prenom14', NULL, 11),
       (15, 'ArtisteNumero 15', 'Prenom15', 'ArtistePrenom15', 34),
       (16, 'ArtisteNumero 16', 'Prenom16', 'ArtistePrenom16', 14),
       (17, 'ArtisteNumero 17', 'Prenom17', NULL, 15),
       (18, 'ArtisteNumero 18', 'Prenom18', NULL, 48),
       (19, 'ArtisteNumero 19', 'Prenom19', 'ArtistePrenom19', 35),
       (20, 'ArtisteNumero 20', 'Prenom20', NULL, 41),
       (21, 'ArtisteNumero 21', 'Prenom21', NULL, 41),
       (22, 'ArtisteNumero 22', 'Prenom22', 'ArtistePrenom22', 38),
       (23, 'ArtisteNumero 23', 'Prenom23', 'ArtistePrenom23', 41),
       (24, 'ArtisteNumero 24', 'Prenom24', 'ArtistePrenom24', 17),
       (25, 'ArtisteNumero 25', 'Prenom25', NULL, 18),
       (26, 'ArtisteNumero 26', 'Prenom26', NULL, 25),
       (27, 'ArtisteNumero 27', 'Prenom27', NULL, 15),
       (28, 'ArtisteNumero 28', 'Prenom28', NULL, 1),
       (29, 'ArtisteNumero 29', 'Prenom29', NULL, 12),
       (30, 'ArtisteNumero 30', 'Prenom30', NULL, 35),
       (31, 'ArtisteNumero 31', 'Prenom31', 'ArtistePrenom31', 6),
       (32, 'ArtisteNumero 32', 'Prenom32', NULL, 12),
       (33, 'ArtisteNumero 33', 'Prenom33', NULL, 48),
       (34, 'ArtisteNumero 34', 'Prenom34', NULL, 47),
       (35, 'ArtisteNumero 35', 'Prenom35', 'ArtistePrenom35', 44),
       (36, 'ArtisteNumero 36', 'Prenom36', NULL, 25),
       (37, 'ArtisteNumero 37', 'Prenom37', 'ArtistePrenom37', 34),
       (38, 'ArtisteNumero 38', 'Prenom38', NULL, 35),
       (39, 'ArtisteNumero 39', 'Prenom39', NULL, 25),
       (40, 'ArtisteNumero 40', 'Prenom40', NULL, 50),
       (41, 'ArtisteNumero 41', 'Prenom41', NULL, 18),
       (42, 'ArtisteNumero 42', 'Prenom42', 'ArtistePrenom42', 30),
       (43, 'ArtisteNumero 43', 'Prenom43', 'ArtistePrenom43', 25),
       (44, 'ArtisteNumero 44', 'Prenom44', 'ArtistePrenom44', 17),
       (45, 'ArtisteNumero 45', 'Prenom45', NULL, 30),
       (46, 'ArtisteNumero 46', 'Prenom46', 'ArtistePrenom46', 28),
       (47, 'ArtisteNumero 47', 'Prenom47', NULL, 43),
       (48, 'ArtisteNumero 48', 'Prenom48', 'ArtistePrenom48', 15),
       (49, 'ArtisteNumero 49', 'Prenom49', NULL, 26),
       (50, 'ArtisteNumero 50', 'Prenom50', 'ArtistePrenom50', 27),
       (51, 'ArtisteNumero 51', 'Prenom51', 'ArtistePrenom51', 34),
       (52, 'ArtisteNumero 52', 'Prenom52', NULL, 21),
       (53, 'ArtisteNumero 53', 'Prenom53', NULL, 46),
       (54, 'ArtisteNumero 54', 'Prenom54', 'ArtistePrenom54', 1),
       (55, 'ArtisteNumero 55', 'Prenom55', NULL, 34),
       (56, 'ArtisteNumero 56', 'Prenom56', NULL, 49),
       (57, 'ArtisteNumero 57', 'Prenom57', NULL, 13),
       (58, 'ArtisteNumero 58', 'Prenom58', NULL, 22),
       (59, 'ArtisteNumero 59', 'Prenom59', NULL, 30),
       (60, 'ArtisteNumero 60', 'Prenom60', 'ArtistePrenom60', 11),
       (61, 'ArtisteNumero 61', 'Prenom61', 'ArtistePrenom61', 47),
       (62, 'ArtisteNumero 62', 'Prenom62', NULL, 43),
       (63, 'ArtisteNumero 63', 'Prenom63', 'ArtistePrenom63', 6),
       (64, 'ArtisteNumero 64', 'Prenom64', 'ArtistePrenom64', 24),
       (65, 'ArtisteNumero 65', 'Prenom65', NULL, 37),
       (66, 'ArtisteNumero 66', 'Prenom66', 'ArtistePrenom66', 40),
       (67, 'ArtisteNumero 67', 'Prenom67', NULL, 1),
       (68, 'ArtisteNumero 68', 'Prenom68', 'ArtistePrenom68', 29),
       (69, 'ArtisteNumero 69', 'Prenom69', 'ArtistePrenom69', 18),
       (70, 'ArtisteNumero 70', 'Prenom70', NULL, 33),
       (71, 'ArtisteNumero 10', 'Prenom10', 'ArtistePseudo10', 2),
       (72, 'ArtisteNumero 70', 'Prenom70', 'ArtistePseudo70', 3),
       (73, 'ArtisteNumero 21', 'Prenom21', 'ArtistePseudo21', 4),
       (74, 'ArtisteNumero 31', 'Prenom31', 'ArtistePseudo31', 7),
       (75, 'ArtisteNumero 39', 'Prenom39', 'ArtistePseudo39', 10),
       (76, 'ArtisteNumero 40', 'Prenom40', 'ArtistePseudo40', 19),
       (77, 'ArtisteNumero 35', 'Prenom35', 'ArtistePseudo35', 23),
       (78, 'ArtisteNumero 27', 'Prenom27', 'ArtistePseudo27', 31),
       (79, 'ArtisteNumero 60', 'Prenom60', 'ArtistePseudo60', 36),
       (80, 'ArtisteNumero 30', 'Prenom30', 'ArtistePseudo30', 39),
       (81, 'ArtisteNumero 40', 'Prenom40', 'ArtistePseudo40', 42),
       (82, 'ArtisteNumero 47', 'Prenom47', 'ArtistePseudo47', 45);


INSERT INTO `CALENDRIER` (`idSoiree`, `idSpectacle`, `horaireSpectacle`)
VALUES (1, 17, '19:00:00'),
       (1, 35, '18:00:00'),
       (1, 37, '20:00:00'),
       (2, 18, '20:00:00'),
       (2, 27, '19:00:00'),
       (3, 31, '20:00:00'),
       (3, 35, '21:00:00'),
       (3, 40, '22:00:00'),
       (4, 15, '23:00:00'),
       (4, 30, '22:00:00'),
       (4, 42, '21:00:00'),
       (5, 21, '21:00:00'),
       (5, 45, '22:00:00'),
       (6, 23, '17:00:00'),
       (6, 27, '18:00:00'),
       (6, 39, '19:00:00'),
       (7, 11, '19:00:00'),
       (7, 19, '18:00:00'),
       (7, 47, '20:00:00'),
       (8, 13, '19:00:00'),
       (8, 32, '20:00:00'),
       (9, 7, '21:00:00'),
       (9, 38, '20:00:00'),
       (10, 8, '22:00:00'),
       (10, 23, '21:00:00'),
       (11, 2, '22:00:00'),
       (11, 23, '23:00:00'),
       (11, 48, '21:00:00'),
       (12, 18, '17:00:00'),
       (12, 37, '18:00:00'),
       (13, 16, '19:00:00'),
       (13, 41, '20:00:00'),
       (13, 50, '18:00:00'),
       (14, 26, '20:00:00'),
       (14, 47, '19:00:00'),
       (15, 16, '22:00:00'),
       (15, 19, '20:00:00'),
       (15, 26, '21:00:00'),
       (16, 11, '21:00:00'),
       (16, 31, '22:00:00'),
       (17, 20, '23:30:00'),
       (17, 43, '21:30:00'),
       (17, 45, '22:30:00'),
       (18, 14, '17:00:00'),
       (18, 20, '18:00:00'),
       (18, 45, '19:00:00'),
       (19, 11, '19:00:00'),
       (19, 13, '20:00:00'),
       (19, 31, '18:00:00'),
       (20, 29, '21:00:00'),
       (20, 44, '20:00:00'),
       (20, 49, '19:00:00'),
       (21, 16, '21:00:00'),
       (21, 22, '22:00:00'),
       (21, 49, '20:00:00'),
       (22, 2, '21:00:00'),
       (22, 18, '23:00:00'),
       (22, 46, '22:00:00'),
       (23, 25, '21:30:00'),
       (23, 41, '22:30:00'),
       (24, 4, '18:00:00'),
       (24, 15, '17:00:00'),
       (24, 39, '19:00:00'),
       (25, 27, '18:00:00'),
       (25, 46, '19:00:00'),
       (26, 10, '20:00:00'),
       (26, 36, '21:00:00'),
       (26, 48, '19:00:00'),
       (27, 6, '20:00:00'),
       (27, 14, '21:00:00'),
       (28, 3, '21:00:00'),
       (28, 32, '22:00:00'),
       (29, 1, '22:30:00'),
       (29, 36, '21:30:00'),
       (30, 36, '17:00:00'),
       (30, 37, '18:00:00'),
       (30, 38, '19:00:00'),
       (31, 30, '20:00:00'),
       (31, 35, '18:00:00'),
       (31, 47, '19:00:00'),
       (32, 2, '19:00:00'),
       (32, 33, '20:00:00'),
       (33, 26, '21:00:00'),
       (33, 27, '22:00:00'),
       (33, 41, '20:00:00'),
       (34, 5, '23:00:00'),
       (34, 6, '21:00:00'),
       (34, 14, '22:00:00'),
       (35, 3, '21:30:00'),
       (35, 6, '23:30:00'),
       (35, 14, '22:30:00'),
       (36, 7, '18:00:00'),
       (36, 44, '17:00:00'),
       (37, 16, '18:00:00'),
       (37, 35, '20:00:00'),
       (37, 38, '19:00:00'),
       (38, 11, '20:00:00'),
       (38, 15, '19:00:00'),
       (39, 9, '22:00:00'),
       (39, 14, '21:00:00'),
       (39, 50, '20:00:00'),
       (40, 34, '21:00:00'),
       (40, 46, '22:00:00'),
       (41, 10, '21:30:00'),
       (41, 11, '22:30:00'),
       (41, 38, '23:30:00'),
       (42, 21, '17:00:00'),
       (42, 45, '18:00:00'),
       (43, 3, '19:00:00'),
       (43, 25, '18:00:00'),
       (43, 35, '20:00:00'),
       (44, 7, '20:00:00'),
       (44, 19, '19:00:00'),
       (44, 43, '21:00:00'),
       (45, 3, '22:00:00'),
       (45, 39, '20:00:00'),
       (45, 41, '21:00:00'),
       (46, 10, '23:00:00'),
       (46, 42, '22:00:00'),
       (46, 46, '21:00:00'),
       (47, 32, '21:30:00'),
       (47, 35, '22:30:00'),
       (48, 9, '18:00:00'),
       (48, 11, '17:00:00'),
       (49, 8, '19:00:00'),
       (49, 40, '18:00:00'),
       (50, 26, '19:00:00'),
       (50, 30, '20:00:00'),
       (50, 48, '21:00:00');


INSERT INTO COMMANDE2SOIREE
values (1, 1, 1, 1);
INSERT INTO COMMANDE2SOIREE
values (1, 2, 1, 1);

INSERT INTO COMMANDE2SOIREE
values (2, 1, 1, 1);
INSERT INTO COMMANDE2SOIREE
values (3, 3, 1, 2);
INSERT INTO COMMANDE2SOIREE
values (4, 4, 2, 1);


INSERT INTO PANIER (mailUser, idSoiree, nmbPlace, typeTarif)
VALUES ('user1@gmail.com', 1, 2, 1),
        ('user1@gmail.com', 2, 1, 1);